{"MSE": 2.4674586559673872, "_timestamp": 1685690666.618525, "_runtime": 2.484671115875244, "_step": 0, "_wandb": {"runtime": 2}}