{"MSE": 2.455904719962159, "_timestamp": 1685690685.738074, "_runtime": 5.975286960601807, "_step": 0, "_wandb": {"runtime": 5}}