{"MSE": 2.453983836538874, "_timestamp": 1685676006.127903, "_runtime": 12.267941951751709, "_step": 0, "_wandb": {"runtime": 10}}