{"MSE": 2.487134110681251, "_timestamp": 1685690650.3254132, "_runtime": 3.1205642223358154, "_step": 0, "_wandb": {"runtime": 2}}