{"MSE": 2.4514789188247037, "_timestamp": 1685690704.99616, "_runtime": 4.37026309967041, "_step": 0, "_wandb": {"runtime": 3}}