{"MSE": 2.4857517086648784, "_timestamp": 1685690719.71929, "_runtime": 2.267707109451294, "_step": 0, "_wandb": {"runtime": 1}}